"player","id"
"isaako-aaitui","14856"
"jared-abbrederis","16836"
"isa-abdul-quddus","14466"
"husain-abdullah","11910"
"oday-aboushi","15972"
"john-abraham","2144"
"chad-abram","17100"
"emmanuel-acho","15045"
"sam-acho","14152"
"kenneth-acker","16914"
"aaron-adams","16296"
"davante-adams","16800"
"jeff-adams","15368"
"johnny-adams","16489"
"kendrick-adams","15394"
"kris-adams","14319"
"mike-adams","5893"
"mike-adams","8133"
"phillip-adams","13308"
"royce-adams","14863"
"jahleel-addae","16039"
"mario-addison","14320"
"spencer-adkins","12628"
"daniel-adongo","16632"
"ray-agnew","17101"
"danny-aiken","14581"
"kamar-aiken","14583"
"walt-aikens","16819"
"victor-aiyewa","14672"
"seyi-ajirotutu","13524"
"josh-aladenoye","17308"
"branden-albert","11249"
"chas-alecxih","15353"
"alvester-alexander","15552"
"frank-alexander","15010"
"lorenzo-alexander","9424"
"maurice-alexander","16937"
"robert-alford","15817"
"antonio-allen","15061"
"beau-allen","16912"
"cortez-allen","14109"
"denicos-allen","17370"
"dwayne-allen","14901"
"jared-allen","5651"
"jeff-allen","14990"
"josh-allen","17102"
"keenan-allen","15818"
"nate-allen","13257"
"rashaun-allen","17423"
"ricardo-allen","16882"
"ryan-allen","16382"
"torrence-allen","16962"
"will-allen","5636"
"zach-allen","16674"
"kiko-alonso","15819"
"tyson-alualu","13233"
"jace-amaro","16792"
"danny-amendola","11674"
"david-amerson","15820"
"prince-amukamara","13975"
"c.j.-anderson","16040"
"chad-anderson","3120376"
"colin-anderson","16126"
"colt-anderson","12757"
"derek-anderson","8627"
"james-anderson","9674"
"justin-anderson","17103"
"justin-anderson","14992"
"ri'shard-anderson","17104"
"antonio-andrews","17105"
"josh-andrews","16963"
"bryan-anger","14950"
"jason-ankrah","17368"
"blake-annen","16964"
"ezekiel-ansah","15785"
"deon-anthony","17476"
"marc-anthony","15931"
"kenny-anunike","16965"
"chigbo-anunoby","15399"
"dri-archer","16755"
"javier-arenas","13259"
"david-arkin","14119"
"terron-armstead","15821"
"anthony-armstrong","11946"
"matt-armstrong","17106"
"ray-ray-armstrong","16463"
"brian-arnfelt","16041"
"kyle-arrington","11494"
"jon-asamoah","13260"
"matt-asiata","14360"
"nate-askew","17107"
"mark-asper","15026"
"geno-atkins","13311"
"george-atkinson","17396"
"jeremiah-attaochu","16761"
"josh-aubrey","16312"
"akeem-auguste","16510"
"david-ausberry","14102"
"marvin-austin","14025"
"miles-austin","10147"
"rodney-austin","15464"
"tavon-austin","15786"
"thomas-austin","13825"
"denico-autry","17447"
"jason-avant","9695"
"donnie-avery","11267"
"cliff-avril","11326"
"akeem-ayers","14015"
"robert-ayers","12432"
"jonathan-babineaux","8473"
"jeff-baca","15924"
"johnson-bademosi","15359"
"allen-bailey","14020"
"alvin-bailey","16044"
"champ-bailey","1758"
"dan-bailey","14322"
"dion-bailey","16966"
"patrick-bailey","11496"
"stedman-bailey","15822"
"brandon-bair","14361"
"chase-baker","15301"
"chris-baker","12760"
"edwin-baker","14892"
"george-baker","16546"
"james-baker","17433"
"sam-baker","11255"
"sean-baker","15406"
"steven-baker","15271"
"david-bakhtiari","15963"
"doug-baldwin","14221"
"jon-baldwin","13986"
"alan-ball","10680"
"marcus-ball","16698"
"montee-ball","15823"
"jake-ballard","13530"
"vick-ballard","14898"
"lonnie-ballentine","16911"
"michael-bamiro","16624"
"chris-banjo","15782"
"johnthan-banks","15824"
"joe-banyard","15296"
"allen-barbre","10563"
"don-barclay","15409"
"brandon-barden","15195"
"ramses-barden","12555"
"chris-barker","16365"
"matt-barkley","15948"
"joe-barksdale","14030"
"kenjon-barner","15921"
"antwan-barnes","10577"
"khalif-barnes","8466"
"t.j.-barnes","16127"
"tim-barnes","14517"
"c.j.-barnett","17309"
"calvin-barnett","17108"
"gary-barnidge","11364"
"anthony-barr","16711"
"shaquil-barrett","16967"
"sam-barrington","15954"
"mark-barron","14932"
"lamin-barrow","16852"
"connor-barth","11737"
"karim-barton","16968"
"joplo-bartu","16171"
"connor-barwin","12449"
"ben-bass","15607"
"david-bass","16025"
"daren-bates","16299"
"phil-bates","15554"
"jackie-battle","11197"
"zach-bauman","17109"
"alan-baxter","16046"
"alex-bayer","17110"
"kelvin-beachum","15035"
"zane-beadles","13261"
"cole-beasley","15349"
"jon-beason","10469"
"will-beatty","12610"
"steve-beauharnais","15988"
"odell-beckham","16733"
"nick-becton","16047"
"byron-bell","14753"
"joique-bell","13536"
"le'veon-bell","15825"
"josh-bellamy","15555"
"nick-bellore","14471"
"marcus-benard","12956"
"tim-benford","15377"
"kelvin-benjamin","16730"
"travis-benjamin","15062"
"arrelious-benn","13218"
"martellus-bennett","11295"
"michael-bennett","12762"
"bill-bentley","14980"
"bene-benwikere","16872"
"jake-bequette","14960"
"joe-berger","8621"
"tony-bergstrom","14976"
"nat-berhe","16850"
"mackenzy-bernadeau","11484"
"giovani-bernard","15826"
"aaron-berry","13734"
"eric-berry","13252"
"brenton-bersin","15547"
"lacoltan-bester","17434"
"antoine-bethea","9793"
"justin-bethel","15089"
"mcleod-bethel-thompson","14594"
"kapri-bibbs","16969"
"kroy-biermann","11388"
"brendan-bigelow","17394"
"e.j.-biggers","12633"
"christo-bilukidi","15103"
"armon-binns","14223"
"bront-bird","14325"
"brandan-bishop","16425"
"ken-bishop","16953"
"joel-bitonio","16740"
"larry-black","16251"
"chase-blackburn","9289"
"justin-blackmon","14907"
"will-blackmon","9701"
"antwon-blake","15350"
"emory-blake","16300"
"philip-blake","15093"
"justin-blalock","10483"
"matt-blanchard","15645"
"rob-blanchflower","16855"
"beau-blankenship","17409"
"robert-blanton","15079"
"legarrette-blount","13213"
"alfred-blue","16921"
"kenneth-boatright","16049"
"russell-bodine","16876"
"conor-boffeli","17053"
"taylor-boggs","14725"
"brandon-bogotay","15776"
"tommy-bohanon","15973"
"brandon-bolden","15478"
"omar-bolden","14997"
"geraldo-boldewijn","17113"
"anquan-boldin","4512"
"clint-boling","14178"
"ted-bolser","16827"
"maikon-bonani","16547"
"travis-bond","15961"
"alan-bonner","16003"
"marvin-booker","16652"
"alex-boone","12910"
"kadron-boone","16970"
"cody-booth","17054"
"kevin-boothe","9762"
"zach-boren","16501"
"chris-borland","16748"
"blake-bortles","16724"
"matt-bosher","14073"
"jon-bostic","15827"
"brandon-bostick","15688"
"tre-boston","16877"
"chris-boswell","17372"
"a.j.-bouye","16562"
"luke-bowanko","16830"
"dwayne-bowe","10467"
"stephen-bowen","10361"
"da'quan-bowers","14046"
"michael-bowie","15975"
"navorro-bowman","13262"
"zack-bowman","11365"
"josh-boyce","15998"
"chris-boyd","17318"
"josh-boyd","15989"
"tajh-boyd","16812"
"john-boyett","15922"
"brandon-boykin","15057"
"jarrett-boykin","15358"
"billy-boyko","16310"
"cameron-bradfield","14226"
"allen-bradford","14103"
"carl-bradford","16926"
"sam-bradford","13197"
"nigel-bradham","15075"
"ahmad-bradshaw","10693"
"tom-brady","2330"
"bryan-braman","14524"
"alan-branch","10477"
"andre-branch","14952"
"tyvon-branch","11334"
"cory-brandon","14368"
"cameron-brate","17453"
"tyler-bray","16252"
"lavon-brazill","15033"
"jack-breckner","16688"
"bashaud-breeland","16890"
"drew-brees","2580"
"sam-brenner","16375"
"aaron-brewer","15241"
"james-brewer","14098"
"michael-brewster","15751"
"courtney-bridget","17417"
"teddy-bridgewater","16728"
"lance-briggs","4526"
"derek-brim","17345"
"beau-brinkley","15355"
"jasper-brinkley","12451"
"justin-britt","16742"
"kenny-britt","12556"
"eben-britton","12611"
"kevin-brock","12874"
"tramaine-brock","13681"
"richie-brockel","13538"
"michael-brockers","14944"
"mason-brodine","14805"
"jay-bromley","16776"
"demitrius-bronson","17486"
"malcolm-bronson","16604"
"ahmad-brooks","10138"
"brandon-brooks","14962"
"derrius-brooks","15185"
"jourdan-brooks","15646"
"michael-brooks","6989"
"ron-brooks","15008"
"terrence-brooks","16768"
"deon-broomfield","17305"
"andre-brown","12490"
"antonio-brown","13934"
"arthur-brown","15828"
"austin-brown","16971"
"bryce-brown","15092"
"charles-brown","13263"
"chykie-brown","14113"
"corey-brown","17399"
"curtis-brown","14033"
"donald-brown","12489"
"duane-brown","11260"
"jalil-brown","14066"
"james-brown","15551"
"jaron-brown","16172"
"john-brown","16804"
"jonathan-brown","17116"
"josh-brown","4680"
"justin-brown","16011"
"levi-brown","17117"
"marlon-brown","16581"
"mike-brown","15448"
"omar-brown","15623"
"preston-brown","16762"
"sammy-brown","15444"
"sergio-brown","13541"
"stevie-brown","13321"
"tarell-brown","10590"
"vincent-brown","14027"
"zach-brown","14973"
"brandon-browner","9250"
"keith-browner","15698"
"bryant-browning","14650"
"ryan-broyles","14919"
"david-bruton","12638"
"armonty-bryant","16037"
"christian-bryant","16908"
"corbin-bryant","14231"
"d.j.-bryant","15602"
"desmond-bryant","12949"
"dez-bryant","13215"
"jarrid-bryant","17118"
"martavis-bryant","16886"
"matt-bryant","4333"
"red-bryant","11358"
"deone-bucannon","16723"
"michael-buchanan","15959"
"dan-buckner","16173"
"bryan-bulaga","13247"
"alex-bullard","17120"
"randy-bullock","15091"
"max-bullough","17387"
"chad-bumphis","16369"
"brodrick-bunkley","9600"
"chandler-burden","15233"
"vontaze-burfict","15246"
"rex-burkhead","15971"
"aaron-burks","17121"
"nate-burleson","4529"
"marcus-burley","16131"
"kaelin-burnett","15324"
"kevin-burnett","8456"
"morgan-burnett","13264"
"miles-burris","15006"
"isaiah-burse","16972"
"brandon-burton","14132"
"pierce-burton","16973"
"trey-burton","16974"
"dartwan-bush","17479"
"jarrett-bush","10342"
"josh-bush","15113"
"rafael-bush","13544"
"reggie-bush","9588"
"jermon-bushrod","10568"
"brice-butler","15896"
"crezdon-butler","13324"
"darius-butler","12423"
"donald-butler","13265"
"jeremy-butler","17122"
"malcolm-butler","17435"
"mario-butler","14671"
"victor-butler","12641"
"jeff-byers","13325"
"nate-byham","13326"
"carter-bykowski","15892"
"carrington-byndom","17385"
"josh-bynes","14519"
"jairus-byrd","12613"
"laron-byrd","15536"
"jake-byrne","15426"
"travaris-cadet","15457"
"jeremy-cain","6262"
"andre-caldwell","11331"
"jordan-cameron","14189"
"michael-campanaro","16832"
"calais-campbell","11284"
"d.j.-campbell","15116"
"jason-campbell","8440"
"jordan-campbell","16317"
"michael-campbell","14473"
"stephen-campbell","16703"
"tommie-campbell","14062"
"william-campbell","15969"
"marcus-cannon","14116"
"chris-canty","8546"
"tank-carder","15014"
"don-carey","12644"
"ka'deem-carey","16942"
"gabe-carimi","13967"
"john-carlson","11272"
"roc-carmichael","14118"
"dan-carpenter","11688"
"james-carpenter","13993"
"brandon-carr","11363"
"derek-carr","16757"
"deveron-carr","16254"
"cornellius-carradine","15829"
"ryan-carrethers","16851"
"t.j.-carrie","16808"
"derek-carrier","15403"
"alex-carrington","13266"
"nolan-carroll","13333"
"glenn-carson","17123"
"brandon-carswell","15289"
"bruce-carter","14026"
"chris-carter","14174"
"michael-carter","17343"
"quinton-carter","14091"
"tony-carter","12771"
"chance-casey","16513"
"james-casey","12535"
"jurrell-casey","14047"
"jonathan-casillas","13045"
"antoine-cason","11261"
"matt-cassel","8644"
"sergio-castillo","17480"
"anthony-castonzo","13970"
"chandler-catanzaro","16976"
"mike-catapano","15944"
"sean-cattouse","15574"
"mike-caussin","13335"
"braxston-cave","16295"
"brent-celek","10605"
"garrett-celek","15204"
"brelan-chancellor","16977"
"kam-chancellor","13336"
"nate-chandler","15492"
"scott-chandler","10572"
"jamar-chaney","13337"
"shaun-chapas","14094"
"josh-chapman","15039"
"jamaal-charles","11307"
"orson-charles","14902"
"stefan-charles","16568"
"chimdi-chekwa","14107"
"gosder-cherilus","11251"
"dewayne-cherrington","16391"
"chris-chester","9642"
"greg-childs","15083"
"patrick-chung","12527"
"barry-church","13338"
"ryan-clady","11246"
"morris-claiborne","14943"
"arceto-clark","16618"
"chris-clark","11689"
"ryan-clark","4301"
"brian-clarke","17339"
"steven-clarke","17124"
"will-clarke","16758"
"jeromey-clary","9773"
"jimmy-clausen","13198"
"brennan-clay","16980"
"charles-clay","14145"
"charles-clay","17420"
"adrian-clayborn","13965"
"keenan-clayton","13339"
"emmett-cleary","16288"
"kellen-clemens","9635"
"chris-clemons","12645"
"chris-clemons","4864"
"toney-clemons","15118"
"asante-cleveland","17125"
"blake-clingan","15772"
"ha-ha-clinton-dix","16735"
"jadeveon-clowney","16734"
"tyler-clutts","13945"
"danny-coale","15034"
"randall-cobb","14053"
"terrance-cobb","17126"
"ross-cockrell","16843"
"terrence-cody","13267"
"barry-cofield","9710"
"audie-cole","15023"
"colin-cole","4870"
"justin-cole","13501"
"marquice-cole","11211"
"trent-cole","8560"
"brandon-coleman","17127"
"davon-coleman","17334"
"deandre-coleman","17128"
"derrick-coleman","15351"
"kurt-coleman","13340"
"daryn-colledge","9633"
"anthony-collins","11346"
"jamie-collins","15830"
"jasper-collins","16052"
"jed-collins","11517"
"nate-collins","13550"
"willie-colon","9717"
"britton-colquitt","12773"
"dustin-colquitt","8513"
"marques-colston","9838"
"kain-colter","17055"
"aaron-colvin","16900"
"sanders-commings","15913"
"tom-compton","15082"
"will-compton","16324"
"jon-condo","9276"
"kevin-cone","14818"
"t.j.-conley","12966"
"john-conner","13341"
"kavell-conner","13342"
"dan-connolly","9298"
"matt-conrath","15142"
"chris-conte","14016"
"chris-cook","13268"
"darwin-cook","17129"
"jamaine-cook","16309"
"jared-cook","12537"
"brandin-cooks","16731"
"travis-coons","17130"
"jonathan-cooper","15787"
"josh-cooper","15197"
"marcus-cooper","15888"
"riley-cooper","13225"
"brandon-copeland","16393"
"damian-copeland","17131"
"j.c.-copeland","17326"
"quinton-coples","14934"
"jack-cornell","15519"
"paul-cornick","15706"
"blake-costanzo","11192"
"jerricho-cotchery","5633"
"edawn-coughman","15700"
"jerome-couplin","16982"
"kirk-cousins","14880"
"oniel-cousins","11333"
"bobby-cowan","16246"
"derek-cox","12646"
"fletcher-cox","14941"
"michael-cox","15929"
"morgan-cox","13848"
"perrish-cox","13344"
"qua-cox","17057"
"rakim-cox","17058"
"brock-coyle","16983"
"michael-crabtree","12563"
"jack-crawford","15090"
"richard-crawford","15129"
"tyrone-crawford","14987"
"scott-crichton","16780"
"jared-crick","15019"
"juron-criner","15044"
"antonio-cromartie","9605"
"marcus-cromartie","16054"
"dominique-croom","16311"
"mason-crosby","10636"
"isaiah-crowell","17133"
"andy-cruse","16553"
"victor-cruz","13553"
"jermelle-cudjo","13554"
"chris-culliver","14044"
"jeff-cumberland","13555"
"euclid-cummings","17134"
"billy-cundiff","4245"
"avery-cunningham","17135"
"b.j.-cunningham","15037"
"benny-cunningham","16055"
"jermaine-cunningham","13269"
"justice-cunningham","15991"
"sederrik-cunningham","15780"
"andre-cureton","17314"
"vinny-curry","14959"
"brian-cushing","12453"
"jay-cutler","9597"
"johnathan-cyprien","15831"
"craig-dahl","10785"
"brenden-daley","17136"
"a.j.-dalton","16984"
"andy-dalton","14012"
"jordan-dangerfield","16179"
"chase-daniel","12471"
"b.j.-daniels","15899"
"jace-daniels","16455"
"matt-daniels","15147"
"mike-daniels","14994"
"owen-daniels","9684"
"karlos-dansby","5558"
"alden-darby","16985"
"marcell-dareus","13992"
"orleans-darkwa","17331"
"lavonte-david","14985"
"james-davidson","16986"
"a.j.-davis","15725"
"akeem-davis","16702"
"anthony-davis","13253"
"austin-davis","15187"
"bryce-davis","15256"
"chris-davis","16987"
"cody-davis","16286"
"demario-davis","14958"
"dominique-davis","15162"
"drew-davis","14478"
"hall-davis","13349"
"ja'gared-davis","16559"
"jace-davis","17137"
"kanorris-davis","16394"
"kellen-davis","11392"
"knile-davis","15832"
"mike-davis","17381"
"ryan-davis","15319"
"thomas-davis","8429"
"todd-davis","17497"
"troy-davis","16180"
"vernon-davis","9592"
"vontae-davis","12424"
"will-davis","15833"
"everett-dawkins","15932"
"keyunta-dawson","10685"
"phil-dawson","1440"
"skye-dawson","16337"
"brian-de-la-puente","11692"
"brandon-deaderick","13351"
"larry-dean","14375"
"alex-debniak","16453"
"david-decastro","14935"
"dom-decicco","14330"
"eric-decker","13271"
"thomas-decoud","11332"
"louis-delmas","12528"
"kenny-demens","16181"
"jeff-demps","15749"
"quintin-demps","11351"
"anthony-denham","17392"
"alfonzo-dennard","15053"
"antonio-dennard","15388"
"darqueze-dennard","16718"
"john-denney","9287"
"derek-dennis","15325"
"akeem-dent","14006"
"zak-deossie","10560"
"andrew-depaola","15726"
"pierre-desir","16948"
"james-develin","13940"
"jordan-devey","16385"
"mike-devito","10763"
"pat-devlin","14240"
"quinton-dial","16028"
"dorin-dickerson","13353"
"ed-dickson","13272"
"jojo-dickson","14241"
"david-diehl","4618"
"emmanuel-dieke","17303"
"evan-dietrich-smith","12972"
"zac-diles","10661"
"anthony-dima","17138"
"jayson-dimanche","16256"
"nick-dimarco","17498"
"patrick-dimarco","14332"
"derek-dimke","15477"
"steele-divitto","17059"
"ahmad-dixon","16895"
"anthony-dixon","13212"
"brandon-dixon","16957"
"brian-dixon","17139"
"chase-dixon","16988"
"dennis-dixon","11390"
"marcus-dixon","11524"
"tim-dobbins","9737"
"demarcus-dobbs","14377"
"aaron-dobson","15834"
"james-dockery","14733"
"darnell-dockett","5589"
"jacob-dombrowski","16701"
"ray-dominguez","14533"
"aaron-donald","16716"
"larry-donnell","15707"
"jon-dorenbos","4902"
"glenn-dorsey","11239"
"kevin-dorsey","15907"
"lee-doss","17354"
"tandon-doss","14190"
"demar-dotson","13050"
"jake-doughty","17140"
"harry-douglas","11318"
"leger-douzable","11920"
"jonathan-dowling","16918"
"ras-i-dowling","14038"
"marcus-dowtin","15344"
"jack-doyle","16504"
"dakota-dozier","16861"
"tommie-draheim","15188"
"shaun-draughn","14518"
"jim-dray","13357"
"joel-dreessen","8612"
"justin-drescher","13559"
"weston-dressler","16682"
"vladimir-ducasse","13273"
"greg-ducre","16989"
"elvis-dumervil","9712"
"james-dunbar","17060"
"jo-lonn-dunbar","11693"
"lance-dunbar","15369"
"carlos-dunlap","13274"
"king-dunlap","11464"
"brandon-dunn","17061"
"reggie-dunn","16059"
"justin-durant","10492"
"kris-durham","14095"
"laurent-duvernay-tardif","16958"
"jonathan-dwyer","13206"
"zac-dysert","15935"
"kony-ealy","16773"
"dominique-easley","16721"
"marcus-easley","13224"
"jeremy-ebert","15052"
"nate-ebner","15125"
"eric-ebron","16732"
"a.j.-edds","13358"
"kasim-edebali","17141"
"julian-edelman","12649"
"armanti-edwards","13275"
"dwan-edwards","5576"
"kadeem-edwards","16859"
"kip-edwards","16183"
"lavar-edwards","15909"
"pat-edwards","15474"
"tariq-edwards","17142"
"trent-edwards","10536"
"michael-egnew","14903"
"nosa-eguae","17143"
"tyler-eifert","15788"
"matt-elam","15789"
"chris-elkins","16990"
"dannell-ellerbe","13103"
"andre-ellington","15893"
"bruce-ellington","16946"
"jay-elliott","16991"
"kevin-elliott","15327"
"justin-ellis","16857"
"kenrick-ellis","14057"
"rhett-ellison","15003"
"nik-embernate","16061"
"ik-enemkpali","16858"
"larry-english","12434"
"quincy-enunwa","16899"
"seali'i-epenesa","17488"
"zach-ertz","15835"
"gavin-escobar","15836"
"john-estes","13361"
"darius-eubanks","16062"
"fred-evans","9798"
"jahri-evans","9694"
"josh-evans","15984"
"mike-evans","16737"
"shaq-evans","16811"
"bradie-ewing","15050"
"antone-exum","16833"
"isame-faciane","16992"
"nick-fairley","13990"
"david-fales","16821"
"paul-fanaika","12651"
"hebron-fangupo","15639"
"dillon-farrell","17144"
"heath-farwell","9359"
"anthony-fasano","9639"
"chris-faulk","16305"
"kory-faulkner","17145"
"joseph-fauria","16330"
"terrence-fede","16860"
"jay-feely","2548"
"curtis-feigt","17146"
"matt-feiler","17404"
"bobby-felder","15376"
"daniel-fells","10287"
"darren-fells","15773"
"jerome-felton","11369"
"chandler-fenner","15549"
"james-ferentz","17361"
"d'brickashaw-ferguson","9590"
"ego-ferguson","16778"
"tony-fiammetta","12496"
"c.j.-fiedorowicz","16766"
"brandon-fields","10668"
"carlos-fields","17389"
"bojay-filimoeatu","17429"
"tevita-finau","15704"
"roy-finch","17147"
"evan-finkenberg","17148"
"cortland-finnegan","9801"
"elvis-fisher","16396"
"eric-fisher","15790"
"larry-fitzgerald","5528"
"ryan-fitzpatrick","8664"
"joe-flacco","11252"
"mike-flacco","16993"
"timothy-flanders","17149"
"coby-fleener","14900"
"cameron-fleming","16932"
"darius-fleming","15080"
"jamell-fleming","14955"
"bradley-fletcher","12652"
"dane-fletcher","13564"
"brandon-flowers","11269"
"marquis-flowers","16924"
"malcom-floyd","6016"
"michael-floyd","14908"
"sharrif-floyd","15791"
"andre-fluellen","11321"
"david-fluellen","16994"
"d.j.-fluker","15792"
"matt-flynn","11443"
"kevin-fogg","17491"
"manase-foketi","16064"
"moise-fokou","12653"
"nick-foles","14877"
"nick-folk","10621"
"brian-folkerts","15447"
"fou-fonoti","17150"
"larry-foote","3656"
"kai-forbath","14816"
"chase-ford","15647"
"dee-ford","16707"
"gerald-ford","17481"
"jacoby-ford","13363"
"michael-ford","16135"
"patrick-ford","16666"
"justin-forsett","11467"
"marcus-forston","15473"
"l.j.-fort","15264"
"matt-forte","11278"
"khairi-fortt","16909"
"arian-foster","12497"
"donte-foster","17062"
"glenn-foster","16136"
"jason-foster","15362"
"mason-foster","14023"
"ramon-foster","12883"
"david-foucault","17439"
"bennie-fowler","16995"
"dan-fox","17311"
"jason-fox","13364"
"reid-fragel","16006"
"dan-france","17151"
"a.j.-francis","16398"
"austin-franklin","17152"
"james-franklin","17153"
"jerry-franklin","15194"
"johnathan-franklin","15925"
"orlando-franklin","13996"
"dominique-franks","13365"
"terrence-frederick","15065"
"travis-frederick","15793"
"doug-free","10565"
"dalton-freeman","16186"
"devonta-freeman","16944"
"jerrell-freeman","11533"
"dwight-freeney","3539"
"jonathan-freeny","14387"
"nate-freese","16823"
"isaiah-frey","15084"
"evan-frierson","16137"
"sione-fua","14003"
"tim-fugger","15117"
"corey-fuller","16014"
"kyle-fuller","16715"
"john-fullington","17330"
"zach-fulton","16923"
"andrew-furney","17492"
"deron-furr","17449"
"matt-furstenburg","16358"
"brandon-fusco","14208"
"blaine-gabbert","13987"
"taylor-gabriel","17437"
"andrew-gachkar","14141"
"tyler-gaffney","16838"
"thomas-gafford","10183"
"e.j.-gaines","16898"
"jimmy-gaines","17320"
"phillip-gaines","16750"
"rogers-gaines","16138"
"anthony-gaitor","14148"
"junior-galette","13566"
"jeremy-gallon","16828"
"graham-gano","12460"
"pierre-garcon","11439"
"andrew-gardner","12659"
"ben-gardner","16839"
"ben-garland","13802"
"nate-garner","11445"
"jimmy-garoppolo","16760"
"terence-garvin","16457"
"shamiel-gary","17154"
"roberto-garza","2648"
"kendall-gaskins","16066"
"bruce-gaston","17155"
"antonio-gates","5362"
"clyde-gates","14209"
"jordan-gay","16591"
"william-gay","10613"
"linden-gaydosh","16516"
"james-gayle","17156"
"clifton-geathers","13366"
"kwame-geathers","16067"
"robert-geathers","5642"
"jeremiah-george","16897"
"garth-gerhart","15174"
"toby-gerhart","13211"
"adam-gettis","14995"
"david-gettis","13367"
"brandon-ghee","13276"
"william-gholston","16019"
"breno-giacomini","11384"
"brandon-gibson","12567"
"wallace-gilberry","11809"
"david-gilbert","17440"
"garrett-gilbert","16809"
"justin-gilbert","16714"
"marcus-gilbert","13998"
"marcus-gilchrist","14018"
"garrett-gilkey","16032"
"alex-gillett","16605"
"garry-gilliam","16997"
"mike-gillislee","15952"
"crockett-gillmore","16775"
"stephon-gilmore","14942"
"ted-ginn","10453"
"daniel-giordano","16188"
"tashaun-gipson","15235"
"chris-givens","15420"
"chris-givens","15078"
"adarius-glanton","17401"
"ka'lial-glaud","16458"
"cordy-glenn","14971"
"mike-glennon","15837"
"tay-glover-wright","17158"
"charles-godfrey","11301"
"brittan-golden","15564"
"robert-golden","15213"
"dashon-goldson","10569"
"kedric-golston","9782"
"dejon-gomes","14200"
"brett-goode","11229"
"najee-goode","15068"
"zaviar-gooden","15838"
"stephen-goodin","15658"
"malliciah-goodman","15957"
"demetri-goodson","16949"
"c.j.-goodwin","17474"
"jonathan-goodwin","3682"
"marquise-goodwin","15839"
"cameron-gordon","17159"
"josh-gordon","15705"
"richard-gordon","14211"
"thomas-gordon","17160"
"josh-gordy","13370"
"frank-gore","8479"
"danny-gorrer","13054"
"stephen-gostkowski","9704"
"ben-gottschalk","17424"
"robbie-gould","9354"
"bruce-gradkowski","9780"
"gino-gradkowski","14999"
"anthony-grady","16998"
"kevin-graf","16999"
"chris-gragg","15940"
"brandon-graham","13239"
"corey-graham","10611"
"garrett-graham","13371"
"jimmy-graham","13232"
"parker-graham","17161"
"shayne-graham","3504"
"t.j.-graham","14920"
"ryan-grant","16845"
"dwayne-gratz","15840"
"carlos-gray","17162"
"cyrus-gray","14897"
"jonas-gray","15364"
"marqueis-gray","16323"
"john-greco","11299"
"a.j.-green","13983"
"alex-green","14055"
"isaiah-green","15689"
"jared-green","15514"
"jonte-green","15128"
"justin-green","16626"
"ladarius-green","14904"
"tyronne-green","12661"
"virgil-green","14085"
"benjarvus-green-ellis","11754"
"kevin-greene","17460"
"khaseem-greene","15889"
"shonn-greene","12500"
"chad-greenway","9603"
"chris-greenwood","15100"
"cory-greenwood","13895"
"clint-gresham","13573"
"jermaine-gresham","13228"
"marion-grice","16956"
"everson-griffen","13373"
"john-griffin","14724"
"michael-griffin","10463"
"ryan-griffin","15887"
"ryan-griffin","16140"
"robert-griffin-iii","14875"
"xavier-grimble","17348"
"brent-grimes","10913"
"jonathan-grimes","15632"
"cory-grissom","16356"
"rob-gronkowski","13229"
"ryan-groy","17063"
"ben-grubbs","10473"
"letroy-guion","11386"
"harland-gunn","15283"
"tori-gurley","14601"
"lawrence-guy","14185"
"winston-guy","15073"
"joe-haden","13249"
"derek-hagan","9668"
"ra'shede-hageman","16744"
"maurice-hagens","17164"
"eric-hagg","14154"
"chris-hairston","14134"
"saalim-hakim","15397"
"andre-hal","17467"
"jon-halapio","16842"
"tamba-hali","9606"
"alex-hall","11465"
"deangelo-hall","5533"
"jordan-hall","17489"
"leon-hall","10462"
"matt-hall","17065"
"adrian-hamilton","15396"
"cobi-hamilton","15983"
"dominique-hamilton","15286"
"jakar-hamilton","16471"
"je'ron-hamm","17165"
"frankie-hammond","16260"
"jewel-hampton","15220"
"victor-hampton","17482"
"caleb-hanie","11540"
"leonard-hankerson","14021"
"johnathan-hankins","15841"
"james-hanna","14906"
"parys-haralson","9726"
"clay-harbor","13376"
"brandon-hardin","14949"
"greg-hardin","17001"
"nick-hardwick","5591"
"andre-hardy","14872"
"greg-hardy","13377"
"cory-harkey","15226"
"deantre-harlan","17166"
"jajuan-harley","16071"
"duron-harmon","15842"
"chandler-harnish","15007"
"chris-harper","16007"
"eric-harper","16518"
"roman-harper","9629"
"brandon-harris","10587"
"bryce-harris","15145"
"chris-harris","14398"
"clark-harris","10686"
"david-harris","10491"
"demetrius-harris","16318"
"dujuan-harris","14255"
"dwayne-harris","14100"
"jeremy-harris","16027"
"jerrell-harris","15149"
"jordan-harris","17456"
"josh-harris","15151"
"marcus-harris","14688"
"michael-harris","15573"
"mike-harris","15106"
"randall-harris","17418"
"shelby-harris","16837"
"damon-harrison","15380"
"jonotthan-harrison","17066"
"mark-harrison","16141"
"taylor-hart","16865"
"brian-hartline","12568"
"brandon-hartson","16661"
"mario-harvey","14257"
"travis-harvey","16563"
"percy-harvin","12569"
"matt-hasselbeck","1575"
"jason-hatcher","9678"
"micah-hatfield","17002"
"caylin-hauptmann","16314"
"steven-hauschka","11923"
"stanley-havili","14104"
"a.j.-hawk","9591"
"andrew-hawkins","13958"
"charles-hawkins","16602"
"donald-hawkins","17003"
"lavelle-hawkins","11371"
"travis-hawkins","17168"
"tanner-hawkinson","15919"
"joe-hawley","13385"
"david-hawthorne","11544"
"d.j.-hayden","15794"
"kelvin-hayden","8474"
"nick-hayden","11415"
"geno-hayes","11409"
"william-hayes","11337"
"adam-hayward","10625"
"casey-hayward","14966"
"matt-hazel","16870"
"paul-hazel","16142"
"vidal-hazelton","14337"
"jeff-heath","16473"
"t.j.-heath","14259"
"ricky-heimuli","17167"
"johnny-hekker","15153"
"cooper-helfet","15670"
"roy-helu","14192"
"ethan-hemer","17004"
"junior-hemingway","15029"
"cam-henderson","16192"
"seantrel-henderson","16892"
"alex-henery","14123"
"chad-henne","11291"
"ricky-henry","14261"
"brandon-hepburn","16009"
"eric-herman","15945"
"javontee-herndon","17005"
"todd-herremans","8540"
"dan-herron","15041"
"robert-herron","16903"
"mark-herzlich","14262"
"aaron-hester","16073"
"devin-hester","9643"
"ryan-hewitt","17169"
"cameron-heyward","13977"
"darrius-heyward-bey","12570"
"gregory-hickman","17426"
"justin-hickman","10834"
"akiem-hicks","14984"
"alonzo-highsmith","16384"
"dont'a-hightower","14933"
"aaron-hill","17170"
"jeremy-hill","16803"
"jordan-hill","15843"
"josh-hill","16143"
"michael-hill","16074"
"sammie-lee-hill","12667"
"shaun-hill","4260"
"stephen-hill","14910"
"will-hill","15621"
"corey-hilliard","10652"
"peyton-hillis","11461"
"ronnie-hillman","14895"
"t.y.-hilton","14924"
"david-hinds","16445"
"quentin-hines","16400"
"anthony-hitchens","16883"
"zach-hocker","16916"
"gerald-hodges","15977"
"cody-hoffman","17346"
"chris-hogan","14402"
"caleb-holley","17448"
"trindon-holliday","13386"
"devonte-holloman","15990"
"andre-holmes","14403"
"khaled-holmes","15897"
"lamar-holmes","14986"
"ziggy-hood","12442"
"sean-hooey","16577"
"michael-hoomanawanui","13387"
"tyler-hoover","17067"
"deandre-hopkins","15795"
"derrick-hopkins","17171"
"dustin-hopkins","15965"
"trey-hopkins","17172"
"tyler-horn","15135"
"julian-horton","17445"
"wes-horton","16431"
"gator-hoskins","17173"
"jayron-hosley","14983"
"davon-house","14157"
"rob-housler","14009"
"justin-houston","14048"
"lamarr-houston","13277"
"stephen-houston","17174"
"austin-howard","13585"
"jaye-howard","15005"
"travis-howard","16490"
"delano-howell","15229"
"brian-hoyer","12477"
"danny-hrapmann","15674"
"adrian-hubbard","17175"
"christopher-hubbard","16076"
"kevin-huber","12669"
"otis-hudson","13389"
"rodney-hudson","14013"
"josh-huff","16779"
"marqueston-huff","16904"
"jerry-hughes","13245"
"john-hughes","14954"
"kevin-hughes","14550"
"kofi-hughes","17351"
"montori-hughes","15995"
"robert-hughes","14266"
"charley-hughlett","15379"
"josh-hull","13390"
"steve-hull","17407"
"ramon-humber","12988"
"margus-hunt","15844"
"justin-hunter","15845"
"kendall-hunter","14159"
"allen-hurns","17177"
"demontre-hurst","16144"
"james-hurst","17178"
"maurice-hurt","14078"
"jorgen-hus","16261"
"carlos-hyde","16777"
"micah-hyde","15960"
"kerry-hyder","17068"
"henry-hynoski","14608"
"ikponmwosa-igbinosun","15740"
"emil-igwenagu","15600"
"james-ihedigbo","10749"
"duke-ihenacho","15190"
"ben-ijalana","14041"
"gabe-ikard","17179"
"george-iloka","15085"
"mark-ingram","13981"
"melvin-ingram","14926"
"dontrelle-inman","14269"
"bruce-irvin","14946"
"nate-irving","14004"
"bronson-irwin","17007"
"kemal-ishmael","16008"
"carlin-isles","16678"
"nate-isles","17443"
"mike-iupati","13246"
"chris-ivory","13587"
"andrew-jackson","16931"
"asa-jackson","15081"
"bennett-jackson","16879"
"d'qwell-jackson","9620"
"desean-jackson","11283"
"fred-jackson","10195"
"gabe-jackson","16753"
"jerrell-jackson","15628"
"justin-jackson","17180"
"kameron-jackson","17069"
"kareem-jackson","13254"
"malik-jackson","15047"
"rob-jackson","11476"
"steven-jackson","5549"
"tanard-jackson","10550"
"tarvaris-jackson","9650"
"tim-jackson","17490"
"tyson-jackson","12435"
"vincent-jackson","8475"
"ben-jacobs","14739"
"brandon-jacobs","8524"
"chuck-jacobs","16462"
"damien-jacobs","17336"
"nic-jacobs","17181"
"tramain-jacobs","17182"
"charles-james","16561"
"ja'wuan-james","16722"
"kendall-james","16854"
"lamichael-james","14890"
"mike-james","15968"
"waymon-james","17441"
"jawan-jamison","16018"
"tim-jamison","13033"
"sebastian-janikowski","2148"
"jeff-janis","16960"
"j.j.-jansen","11759"
"jaiquawn-jarrett","14043"
"michael-jasper","14063"
"lestar-jean","14570"
"ricky-jean-francois","12443"
"stanley-jean-baptiste","16774"
"lemuel-jeanpierre","13509"
"jackson-jeffcoat","17008"
"a.j.-jefferson","13591"
"d.c.-jefferson","15890"
"tony-jefferson","16195"
"alshon-jeffery","14912"
"a.j.-jenkins","14947"
"brandon-jenkins","15967"
"cullen-jenkins","5009"
"greg-jenkins","16520"
"janoris-jenkins","14974"
"jarvis-jenkins","14019"
"jelani-jenkins","15985"
"john-jenkins","15846"
"malcolm-jenkins","12426"
"mike-jenkins","11259"
"greg-jennings","9638"
"m.d.-jennings","14530"
"rashad-jennings","12503"
"tim-jennings","9648"
"brock-jensen","17419"
"marcel-jensen","17183"
"ryan-jensen","16038"
"byron-jerideau","16079"
"jerrel-jernigan","14040"
"timmy-jernigan","16785"
"tony-jerod-eddie","15430"
"john-jerry","13278"
"peria-jerry","12444"
"luke-joeckel","15796"
"ulrick-john","16894"
"andre-johnson","4461"
"anthony-johnson","17184"
"antonio-johnson","10595"
"austin-johnson","15765"
"ben-johnson","17185"
"bryan-johnson","17338"
"calvin-johnson","10447"
"cam-johnson","15064"
"charles-johnson","15885"
"charles-johnson","10527"
"charlie-johnson","9785"
"chris-johnson","11258"
"damaris-johnson","15624"
"darius-johnson","16196"
"darryl-johnson","17415"
"david-johnson","12506"
"dennis-johnson","16495"
"derrell-johnson","17186"
"derrick-johnson","17374"
"derrick-johnson","8430"
"dontae-johnson","16893"
"george-johnson","13812"
"james-michael-johnson","15032"
"jarret-johnson","4567"
"jeron-johnson","14274"
"jerrod-johnson","14275"
"josh-johnson","11394"
"kamal-johnson","17187"
"keelan-johnson","16354"
"lane-johnson","15797"
"leonard-johnson","15398"
"matt-johnson","15119"
"michael-johnson","12436"
"mike-johnson","13279"
"nico-johnson","15982"
"orhian-johnson","16491"
"oscar-johnson","16506"
"randell-johnson","16816"
"rashad-johnson","12674"
"rishaw-johnson","15498"
"rufus-johnson","16031"
"shelton-johnson","16289"
"steve-johnson","11458"
"steven-johnson","15733"
"storm-johnson","16884"
"t.j.-johnson","15915"
"tom-johnson","10001"
"trumaine-johnson","14989"
"wesley-johnson","16846"
"will-johnson","14870"
"jamaal-johnson-webb","16197"
"brandon-joiner","15210"
"abry-jones","16376"
"adam-jones","8421"
"arthur-jones","13394"
"barrett-jones","15908"
"ben-jones","15109"
"brad-jones","12675"
"brandon-jones","16402"
"chandler-jones","17188"
"chandler-jones","14927"
"chris-jones","14723"
"chris-jones","15955"
"christian-jones","17070"
"colin-jones","14117"
"daquan-jones","16910"
"datone-jones","15798"
"dominique-jones","15383"
"don-jones","15943"
"donnie-jones","5749"
"dwight-jones","15641"
"howard-jones","17009"
"jacoby-jones","10517"
"james-jones","10522"
"jarvis-jones","15799"
"jason-jones","11288"
"julian-jones","17358"
"julio-jones","13982"
"justin-jones","17189"
"kadeem-jones","17190"
"landry-jones","15904"
"marcel-jones","15022"
"marvin-jones","15072"
"reshad-jones","13395"
"seantavius-jones","17191"
"t.j.-jones","16880"
"taiwan-jones","14167"
"terren-jones","16199"
"maurice-jones-drew","9646"
"akeem-jordan","10883"
"cameron-jordan","13971"
"dion-jordan","15800"
"reggie-jordan","17192"
"kamar-jorden","15386"
"davin-joseph","9609"
"johnathan-joseph","9610"
"linval-joseph","13281"
"henry-josey","17010"
"lamarcus-joyner","16769"
"jerome-junior","17405"
"winston-justice","9625"
"kyle-juszczyk","16002"
"josh-kaddu","15069"
"colin-kaepernick","14001"
"mike-kafka","13397"
"matt-kalil","14928"
"ryan-kalil","10503"
"nick-kasa","15962"
"kalonji-kashama","17469"
"brandon-kaufman","16200"
"brendon-kay","17011"
"vernon-kearney","16201"
"frank-kearse","14176"
"jermaine-kearse","15428"
"case-keenum","15168"
"thomas-keiser","14796"
"jason-kelce","14124"
"travis-kelce","15847"
"senio-kelemete","15123"
"wade-keliikipi","17012"
"colin-kelly","16263"
"dennis-kelly","15054"
"tommy-kelly","5968"
"lance-kendricks","14007"
"mychal-kendricks","14978"
"devon-kennard","16820"
"shiloh-keo","14122"
"zac-kerin","17013"
"jeremy-kerley","14151"
"brett-kern","11555"
"zach-kerr","17071"
"ryan-kerrigan","13973"
"eric-kettani","13062"
"darren-keyton","16523"
"daniel-kilgore","14110"
"logan-kilgore","17193"
"jeremy-kimbrough","16084"
"david-king","15905"
"marquette-king","15389"
"tavarres-king","15911"
"g.j.-kinne","15299"
"dre-kirkpatrick","14940"
"christian-kirksey","16767"
"danny-kistler","17383"
"ishmaa'ily-kitchen","15508"
"darrin-kitchens","17325"
"mathias-kiwanuka","9618"
"a.j.-klein","15964"
"josh-kline","16403"
"karl-klug","14079"
"terrance-knighton","12677"
"jake-knott","16202"
"kyle-knox","15699"
"sam-koch","9789"
"michael-koenen","9263"
"jameson-konz","13401"
"peter-konz","14968"
"cyrus-kouandjio","16796"
"jordan-kovacs","16363"
"kevin-kowalski","14683"
"jonathan-krause","17194"
"casey-kreiter","17304"
"troy-kropog","12679"
"joe-kruger","16017"
"paul-kruger","12437"
"luke-kuechly","14938"
"edmund-kugbila","16034"
"john-kuhn","9530"
"markus-kuhn","15024"
"alex-kupper","16544"
"eric-kush","16035"
"travis-labhart","17395"
"eddie-lacy","15848"
"kenny-ladler","17317"
"l.p.-ladouceur","9349"
"erle-ladson","17375"
"brandon-lafell","12576"
"emmanuel-lamur","15640"
"dawan-landry","9732"
"jarvis-landry","16790"
"laron-landry","10451"
"austen-lane","13402"
"jeremy-lane","15087"
"jorvorskie-lane","12510"
"t.j.-lang","12680"
"kendall-langford","11300"
"ryan-lankford","17195"
"ellis-lankster","12681"
"spencer-lanning","14342"
"danny-lansanah","11762"
"al-lapuaho","16348"
"cody-larsen","16601"
"ted-larsen","13403"
"tyler-larsen","17196"
"cody-latimer","16793"
"greg-latta","17014"
"dede-lattimore","17072"
"jamari-lattimore","14597"
"marcus-lattimore","16012"
"james-laurinaitis","12454"
"shawn-lauvao","13283"
"cordarro-law","15580"
"cameron-lawrence","16476"
"demarcus-lawrence","16802"
"rashad-lawrence","17349"
"javone-lawson","16203"
"manny-lawson","9608"
"nevin-lawson","16929"
"mike-leach","2482"
"ronald-leary","15276"
"shane-lechler","2273"
"andy-lee","5713"
"marqise-lee","16787"
"saeed-lee","16524"
"sean-lee","13284"
"jimmy-legree","17015"
"doug-legursky","11556"
"tim-lelito","16146"
"alec-lemon","16503"
"orie-lemon","14343"
"corey-lemonier","15849"
"charles-leno","16848"
"josh-lenz","16147"
"a.c.-leonard","17073"
"richie-leone","17197"
"brian-leonhardt","16265"
"josh-leribeus","14961"
"mikel-leshoure","14052"
"robert-lester","16434"
"anthony-levine","13845"
"andy-levitre","12614"
"deandre-levy","12682"
"taylor-lewan","16708"
"dion-lewis","14198"
"isaiah-lewis","17198"
"keenan-lewis","12683"
"keith-lewis","17199"
"kendrick-lewis","13404"
"lance-lewis","15741"
"marcedes-lewis","9614"
"patrick-lewis","16557"
"shaun-lewis","17478"
"thad-lewis","13606"
"travis-lewis","15011"
"chris-lewis-harris","15713"
"kapron-lewis-moore","15937"
"ina-liaina","16404"
"kory-lichtensteiger","11342"
"brandon-linder","16770"
"ryan-lindley","14883"
"zach-line","16366"
"jeffrey-linkenbach","13751"
"corey-linsley","16864"
"sean-lissemore","13406"
"greg-little","14024"
"corey-liuget","13989"
"brandon-lloyd","4582"
"terrance-lloyd","17365"
"phil-loadholt","12615"
"jeff-locke","15926"
"jake-locker","13969"
"colin-lockett","17200"
"ricardo-lockette","14280"
"cullen-loeffler","6044"
"curtis-lofton","11271"
"bennie-logan","15850"
"chris-long","11236"
"jake-long","11234"
"joe-long","15400"
"kyle-long","15801"
"spencer-long","16743"
"travis-long","16641"
"sam-longo","17462"
"joe-looney","15108"
"erik-lora","17075"
"erik-lorig","13407"
"craig-loston","17201"
"john-lotulelei","16087"
"star-lotulelei","15802"
"lance-louis","12684"
"al-louis-jean","17470"
"demarcus-love","14082"
"kyle-love","13608"
"daytawion-lowe","17016"
"dwight-lowery","11347"
"cornelius-lucas","17202"
"marcus-lucas","17382"
"andrew-luck","14874"
"ricky-lumpkin","14282"
"scott-lutrus","14283"
"fn-lutz","17473"
"colt-lyerla","17431"
"aaron-lynch","16941"
"arthur-lynch","16844"
"jordan-lynch","17077"
"marshawn-lynch","10456"
"gabe-lynn","17203"
"jordan-mabin","15571"
"alex-mack","12616"
"elbert-mack","11706"
"khalil-mack","16710"
"jeremy-maclin","12579"
"macky-macpherson","17468"
"ross-madison","17425"
"lamar-mady","16250"
"jeff-maehl","14590"
"brandon-magee","16478"
"kaluka-maiava","12687"
"ben-malena","17319"
"ryan-mallett","14037"
"robert-malone","13408"
"cody-mandell","17323"
"nick-mangold","9615"
"logan-mankins","8446"
"danieal-manning","9628"
"eli-manning","5526"
"peyton-manning","1428"
"terrell-manning","15110"
"mario-manningham","11329"
"ej-manuel","15803"
"johnny-manziel","16736"
"stansly-maponga","15999"
"chris-maragos","13697"
"marc-mariani","13409"
"sen'derrick-marks","12445"
"luke-marquardt","16378"
"cassius-marsh","16873"
"curtis-marsh","14031"
"brandon-marshall","9705"
"brandon-marshall","15002"
"cameron-marshall","16370"
"richard-marshall","9644"
"chris-martin","17362"
"doug-martin","14885"
"eric-martin","16436"
"jonathan-martin","14975"
"josh-martin","16268"
"kareem-martin","16764"
"keshawn-martin","14916"
"marcus-martin","16788"
"mike-martin","14988"
"sam-martin","15928"
"sherrod-martin","12617"
"zack-martin","16709"
"freddie-martino","17205"
"matthew-masifilo","15132"
"tre-mason","16784"
"jonathan-massaquoi","15099"
"bobby-massie","15096"
"tim-masthay","12998"
"jeron-mastrud","13698"
"ricardo-mathews","13411"
"ryan-mathews","13204"
"tyrann-mathieu","15851"
"evan-mathis","8493"
"rashean-mathis","4497"
"robert-mathis","4596"
"r.j.-mattes","16527"
"casey-matthews","14181"
"chris-matthews","14285"
"clay-matthews","12438"
"cliff-matthews","14182"
"jake-matthews","16713"
"jeff-matthews","17206"
"jordan-matthews","16763"
"rishard-matthews","15102"
"rey-maualuga","12455"
"josh-mauga","13165"
"josh-mauro","17017"
"michael-mauti","15903"
"byron-maxwell","14133"
"jacob-maxwell","17207"
"walker-may","17208"
"jerod-mayo","11244"
"benson-mayowa","16528"
"frances-mays","17018"
"joe-mays","11434"
"taylor-mays","13286"
"miguel-maysonet","16204"
"pat-mcafee","12689"
"chris-mcallister","17366"
"trumaine-mcbride","10664"
"brice-mccain","12690"
"chris-mccain","17430"
"onterio-mccalebb","16319"
"bryan-mccann","13609"
"matt-mccants","15013"
"aj-mccarron","16810"
"colin-mccarthy","14074"
"antoine-mcclain","15533"
"jameel-mcclain","11841"
"robert-mcclain","13412"
"rolando-mcclain","13255"
"terrell-mcclain","14014"
"albert-mcclellan","13851"
"shea-mcclellin","14937"
"jacques-mcclendon","13413"
"anthony-mccloud","16380"
"anthony-mcclung","17384"
"dexter-mccluster","13207"
"devin-mccourty","13236"
"jason-mccourty","12691"
"josh-mccown","3609"
"luke-mccown","5631"
"anthony-mccoy","13414"
"chris-mccoy","13415"
"colt-mccoy","13199"
"gerald-mccoy","13240"
"lesean-mccoy","12514"
"danny-mccray","13611"
"demetrius-mccray","16005"
"emmanuel-mccray","17019"
"jordan-mccray","17210"
"justin-mccray","17211"
"kelcie-mccray","15305"
"l.j.-mccray","17212"
"lerentee-mccray","16090"
"moses-mccray","17342"
"taylor-mcculler","17436"
"dan-mccullers","16952"
"jacobbi-mcdaniel","17410"
"tony-mcdaniel","10031"
"kevin-mcdermott","16361"
"andrew-mcdonald","15597"
"clinton-mcdonald","12692"
"dewey-mcdonald","17078"
"nick-mcdonald","13755"
"ray-mcdonald","10541"
"t.j.-mcdonald","15852"
"tyler-mcdonald","2522169"
"vance-mcdonald","15853"
"jake-mcdonough","16205"
"bradley-mcdougald","16269"
"dexter-mcdougle","16805"
"greg-mcelroy","14101"
"darren-mcfadden","11238"
"kimario-mcfadden","17213"
"leon-mcfadden","15854"
"marshall-mcfadden","14865"
"brandon-mcgee","15949"
"stacy-mcgee","15906"
"keith-mcgill","16940"
"matt-mcgloin","16593"
"mike-mcglynn","11343"
"sean-mcgrath","15515"
"sam-mcguffie","16293"
"kamaal-mcilwain","14491"
"garrett-mcintyre","12105"
"ryan-mckee","13003"
"leodis-mckelvin","11245"
"brandon-mckinney","10307"
"jerick-mckinnon","16782"
"joe-mcknight","13209"
"steve-mclendon","12895"
"rodney-mcleod","15222"
"sherrick-mcmanis","13419"
"brandon-mcmanus","16339"
"jerron-mcmillian","15036"
"josh-mcnary","15778"
"mike-mcneill","14637"
"marvin-mcnutt","14915"
"pernell-mcphee","14202"
"jake-mcquaide","14676"
"paul-mcquistan","9655"
"caleb-mcsurdy","15088"
"robert-meachem","10471"
"loyce-means","14557"
"steven-means","15936"
"brandon-mebane","10529"
"jamie-meder","17214"
"jonathan-meeks","15956"
"davin-meggett","15617"
"aaron-mellette","15947"
"henry-melton","12695"
"rashaan-melvin","16270"
"dequan-menzie","15104"
"whitney-mercilus","14936"
"jamon-meredith","12696"
"viondy-merisma","17446"
"brandon-meriweather","10468"
"jamil-merrell","17493"
"junior-mertile","16579"
"zach-mettenberger","16814"
"jack-mewhort","16745"
"christine-michael","15855"
"jeromy-miles","13756"
"rontez-miles","16206"
"stephane-milhim","16152"
"johnny-millard","17020"
"trey-millard","16901"
"andrew-miller","17216"
"bruce-miller","14083"
"gabe-miller","14068"
"heath-miller","8444"
"horace-miller","17458"
"jordan-miller","14288"
"kyle-miller","14289"
"lamar-miller","14886"
"roy-miller","12698"
"ryan-miller","15031"
"steven-miller","16094"
"tanner-miller","17379"
"von-miller","13976"
"zach-miller","12699"
"zach-miller","10482"
"dee-milliner","15804"
"jordan-mills","16004"
"keavon-milton","16095"
"david-mims","14423"
"tevin-mims","17217"
"jeremy-mincey","9777"
"barkevious-mingo","15805"
"chase-minnifield","16446"
"kevin-minter","15856"
"zach-minter","16153"
"koa-misi","13287"
"charles-mitchell","15060"
"earl-mitchell","13288"
"mike-mitchell","12619"
"terrance-mitchell","16927"
"fili-moala","12446"
"arthur-moats","13422"
"dontay-moch","14002"
"t.j.-moe","16374"
"tony-moeaki","13289"
"mike-mohamed","14097"
"david-molk","15030"
"dan-molls","16096"
"ifeanyi-momah","15775"
"donte-moncrief","16791"
"eugene-monroe","12620"
"sam-montgomery","15857"
"will-montgomery","9820"
"nick-moody","15933"
"collin-mooney","15130"
"d.j.-moore","12429"
"damontre-moore","15858"
"denarius-moore","14153"
"greg-moore","17080"
"kashif-moore","15180"
"kellen-moore","14882"
"lance-moore","9400"
"matt-moore","11128"
"rahim-moore","14050"
"sio-moore","15859"
"sterling-moore","14802"
"william-moore","12530"
"zach-moore","16959"
"brian-moorman","2797"
"knowshon-moreno","12516"
"aaron-morgan","13424"
"davon-morgan","14684"
"derrick-morgan","13248"
"joe-morgan","14424"
"josh-morgan","11408"
"mike-morgan","14292"
"cameron-morrah","12545"
"alfred-morris","15009"
"darius-morris","14740"
"darryl-morris","16367"
"stephen-morris","17220"
"thomas-morstead","12701"
"dezman-moses","15272"
"morgan-moses","16771"
"brandon-mosley","15105"
"c.j.-mosley","8605"
"c.j.-mosley","16720"
"santana-moss","2564"
"zeke-motta","15993"
"jonas-mouton","14000"
"derek-moye","15329"
"henoc-muamba","16689"
"don-muhlbach","8362"
"matthew-mulligan","11708"
"andy-mulumba","16560"
"ryan-mundy","11428"
"captain-munnerlyn","12703"
"damaso-munoz","16690"
"jake-murphy","17393"
"jerome-murphy","13290"
"kevin-murphy","15239"
"louis-murphy","12585"
"trent-murphy","16751"
"will-murphy","16565"
"aaron-murray","17021"
"demarco-murray","14005"
"latavius-murray","15920"
"patrick-murray","16684"
"brandon-myers","12705"
"chris-myers","8614"
"jordan-najvar","17310"
"ryan-nassib","15891"
"mike-neal","13291"
"rajion-neal","17221"
"spencer-nealy","16208"
"chris-neild","14067"
"corey-nelson","16902"
"david-nelson","13621"
"jordy-nelson","11270"
"kyle-nelson","14426"
"reggie-nelson","10465"
"robert-nelson","17416"
"al-netter","15171"
"alex-neutz","17222"
"drake-nevis","14029"
"marshall-newhouse","13428"
"terence-newman","4463"
"jamar-newsome","14295"
"jonathan-newsome","16867"
"cam-newton","13994"
"derek-newton","14197"
"haloti-ngata","9598"
"carl-nicks","11398"
"hakeem-nicks","12586"
"troy-niklas","16797"
"rob-ninkovich","9721"
"adam-nissley","15143"
"louis-nix","16806"
"lucas-nix","15354"
"roosevelt-nix","17223"
"james-nixon","15541"
"xavier-nixon","16335"
"danny-noble","15416"
"josh-norman","15124"
"brad-nortman","15051"
"andrew-norwell","17388"
"jordan-norwood","12587"
"kevin-norwood","16841"
"nick-novak","9329"
"drew-nowak","15366"
"ty-nsekhe","15724"
"mike-nugent","8461"
"uzoma-nwachukwu","16502"
"ogemdi-nwagbuo","11709"
"uche-nwaneri","10592"
"pat-o'donnell","16863"
"conor-o'neill","17494"
"james-oboh","17406"
"nnamdi-obukwelu","17081"
"jared-odrick","13244"
"chris-ogbonnaya","12517"
"emmanuel-ogbuehi","16347"
"alec-ogletree","15806"
"kevin-ogletree","12588"
"michael-oher","12621"
"rich-ohrnberger","12711"
"adewale-ojomo","15497"
"alex-okafor","15976"
"amobi-okoye","10454"
"lawrence-okoye","16155"
"russell-okung","13242"
"michael-ola","16680"
"deji-olatoye","17224"
"jamize-olawale","15653"
"branden-oliver","17452"
"eric-olsen","13430"
"greg-olsen","10475"
"jeff-olson","16634"
"patrick-omameh","16327"
"fendi-onobun","13431"
"toben-opurum","16598"
"brian-orakpo","12439"
"dan-orlovsky","8559"
"zach-orr","17300"
"greg-orton","12589"
"kyle-orton","8520"
"kelechi-osemele","14957"
"kassim-osgood","5437"
"brock-osweiler","14879"
"tyler-ott","17378"
"ryan-otten","16156"
"nathan-overbay","13785"
"matt-overton","13186"
"chris-owens","12713"
"montell-owens","10057"
"chris-owusu","15230"
"akwasi-owusu-ansah","13433"
"kevin-ozier","17464"
"cheta-ozougwu","14160"
"calvin-pace","4476"
"stephen-paea","14049"
"jeoffrey-pagan","16947"
"eric-page","15385"
"curtis-painter","12479"
"vinston-painter","15927"
"michael-palardy","17475"
"tenny-palepoi","17024"
"ashlee-palmer","13007"
"carson-palmer","4459"
"jordan-palmer","10648"
"kelvin-palmer","17225"
"michael-palmer","13629"
"nate-palmer","15930"
"nathan-palmer","15189"
"tobais-palmer","16447"
"kevin-pamphile","16835"
"chris-pantale","16210"
"matt-paradis","16847"
"preston-parker","13703"
"ron-parker","14297"
"cody-parkey","17082"
"terrance-parks","15544"
"jalen-parmele","11410"
"jermey-parnell","13066"
"alex-parsons","13796"
"bear-pascoe","12548"
"austin-pasztor","15347"
"a.j.-pataiali'i","17301"
"matt-patchan","17226"
"tyler-patmon","17450"
"johnny-patrick","14011"
"ronald-patrick","17327"
"cordarrelle-patterson","15807"
"dimitri-patterson","9351"
"mike-patterson","8445"
"quinton-patton","16026"
"solomon-patton","17228"
"niles-paul","14156"
"logan-paulsen","13726"
"david-paulson","15043"
"spencer-paysinger","14648"
"quintin-payton","17451"
"andrew-peacock","17025"
"isaiah-pead","14888"
"erik-pears","9399"
"jacob-pedersen","17229"
"cedric-peerman","12519"
"lee-pegues","17084"
"domata-peko","9709"
"micah-pellerin","15387"
"jeris-pendleton","15114"
"donald-penn","10062"
"mike-pennel","17230"
"julius-peppers","3530"
"will-pericak","16412"
"justin-perillo","17231"
"ladarius-perkins","17232"
"nick-perry","14929"
"senorise-perry","17421"
"mike-person","14070"
"corey-peters","13292"
"jason-peters","6012"
"adrian-peterson","10452"
"patrick-peterson","13980"
"brandon-pettigrew","12549"
"austin-pettis","14035"
"michael-philipp","17233"
"adrian-phillips","17487"
"dashaun-phillips","17333"
"jason-phillips","13937"
"john-phillips","12550"
"shaun-phillips","5623"
"roy-philon","17027"
"bernard-pierce","14891"
"kevin-pierre-louis","16888"
"jason-pierre-paul","13256"
"kealoha-pilares","14150"
"eric-pinkins","16849"
"jason-pinkston","14111"
"ropati-pitoitua","11778"
"dennis-pitta","13231"
"eddie-pleasant","15612"
"graham-pocic","16639"
"adam-podlesh","10545"
"dontari-poe","14939"
"william-poehls","17390"
"quinton-pointer","15136"
"troy-polamalu","4474"
"chris-polk","14889"
"mike-pollak","11293"
"bernard-pollard","9640"
"tyler-polumbus","11572"
"christian-ponder","13966"
"tauren-poole","14893"
"kelsey-pope","17028"
"sean-porter","15986"
"tracy-porter","11274"
"devier-posey","14969"
"julian-posey","14499"
"paul-posluszny","10478"
"nate-potter","15020"
"zach-potter","13011"
"maurkice-pouncey","13250"
"mike-pouncey","13974"
"jerrell-powe","14061"
"bilal-powell","14129"
"chaz-powell","15330"
"ronald-powell","16887"
"ty-powell","16036"
"walt-powell","16871"
"jerraud-powers","12714"
"jordan-poyer","15979"
"matt-prater","11122"
"shaun-prater","15048"
"quron-pratt","17029"
"de'andre-presley","15629"
"michael-preston","14610"
"jabari-price","16878"
"sheldon-price","16302"
"taylor-price","13223"
"xavier-proctor","16649"
"jay-prosch","16875"
"chris-prosinski","14072"
"calvin-pryor","16729"
"lonnie-pryor","16372"
"terrelle-pryor","14851"
"jordan-pugh","13439"
"justin-pugh","15808"
"jarrod-pughsley","17312"
"mike-purcell","16377"
"tanner-purdum","12605"
"derricus-purdy","16691"
"loucheiz-purifoy","17234"
"kelcy-quarles","17235"
"andrew-quarless","13440"
"david-quessenberry","15946"
"brian-quick","14914"
"bryce-quigley","17485"
"ryan-quigley","15616"
"glover-quin","12716"
"robert-quinn","13984"
"brent-qvale","17087"
"will-rackley","14042"
"bobby-rainey","15501"
"chris-rainey","14896"
"dominic-raiola","2598"
"b.j.-raji","12447"
"bacarri-rambo","15912"
"manny-ramirez","10561"
"kaleb-ramsey","16807"
"kheeston-randall","15046"
"bradley-randle","16438"
"joseph-randle","16013"
"rueben-randle","14911"
"jeremiah-ratliff","8638"
"caesar-rayford","16606"
"mistral-raymond","14191"
"keith-reaser","16930"
"darrin-reaves","17397"
"silas-redd","17352"
"kevin-reddick","16157"
"cory-redding","4524"
"kasey-redfern","17495"
"marcel-reece","11717"
"brooks-reed","13997"
"d'aundre-reed","14075"
"david-reed","13442"
"jordan-reed","15860"
"taylor-reed","16479"
"bernard-reedy","17032"
"tevin-reese","16824"
"jeremy-reeves","16697"
"caraun-reid","16853"
"eric-reid","15809"
"greg-reid","16696"
"jah-reid","13999"
"riley-reiff","14930"
"trevor-reilly","16834"
"allen-reisner","14433"
"joe-reitz","11842"
"mike-remmers","15422"
"chad-rempel","16700"
"sean-renfree","15894"
"justin-renfrow","17236"
"bryn-renner","17033"
"adam-replogle","16215"
"chase-rettig","17237"
"konrad-reuland","14434"
"darrelle-revis","10458"
"vincent-rey","13766"
"kendall-reyes","14953"
"chase-reynolds","14820"
"dallas-reynolds","12839"
"ed-reynolds","16933"
"garrett-reynolds","12718"
"jaz-reynolds","17238"
"laroy-reynolds","16449"
"micajah-reynolds","17239"
"rashaad-reynolds","17240"
"demetrius-rhaney","16954"
"xavier-rhodes","15810"
"jerry-rice","17499"
"ray-rice","11289"
"sidney-rice","10488"
"antonio-richardson","17088"
"cyril-richardson","16825"
"daryl-richardson","15111"
"paul-richardson","16781"
"rico-richardson","16273"
"sean-richardson","15454"
"shaquille-richardson","16925"
"sheldon-richardson","15811"
"trent-richardson","14884"
"weston-richburg","16746"
"theo-riddick","15994"
"stevan-ridley","14028"
"perry-riley","13443"
"chad-rinehart","11330"
"mychal-rivera","15923"
"gerald-rivers","16105"
"keith-rivers","11243"
"philip-rivers","5529"
"nick-roach","10856"
"cordell-roberson","16343"
"marcus-roberson","17241"
"andre-roberts","13226"
"d.j.-roberts","17466"
"seth-roberts","17402"
"craig-robertson","14860"
"tracy-robertson","15615"
"travian-robertson","15012"
"nickell-robey","16217"
"adrian-robinson","15224"
"adrien-robinson","14905"
"aldrick-robinson","14164"
"allen-robinson","16799"
"denard-robinson","15951"
"gerell-robinson","15214"
"greg-robinson","7439"
"josh-robinson","14948"
"keenan-robinson","15017"
"khiry-robinson","16530"
"luther-robinson","17411"
"michael-robinson","9686"
"patrick-robinson","13238"
"ryan-robinson","16531"
"trenton-robinson","15049"
"trevor-robinson","15365"
"zac-robinson","13444"
"brian-robiskie","12592"
"brian-robison","10546"
"bradley-roby","16719"
"courtney-roby","8482"
"aaron-rodgers","8439"
"jacquizz-rodgers","14193"
"jordan-rodgers","16158"
"richard-rodgers","16786"
"dominique-rodgers-cromartie","11250"
"evan-rodriguez","15000"
"ben-roethlisberger","5536"
"carlos-rogers","8424"
"da'rick-rogers","16159"
"jake-rogers","14565"
"justin-rogers","14071"
"craig-roh","16439"
"antrel-rolle","8423"
"jumal-rolle","16219"
"tony-romo","5209"
"tavon-rooks","16955"
"michael-roos","8455"
"dante-rosario","10598"
"lowell-rose","16362"
"aaron-ross","10464"
"brandian-ross","14697"
"jeremy-ross","14500"
"rashad-ross","16566"
"kenny-rowe","14439"
"shaq-rowell","17398"
"eddie-royal","11276"
"evan-royster","14105"
"ahtyba-rubin","11424"
"frostee-rucker","9677"
"kyle-rudolph","14054"
"donte-rumph","17242"
"anderson-russell","13721"
"kevin-rutland","14303"
"jon-ryan","10238"
"logan-ryan","15861"
"matt-ryan","11237"
"demeco-ryans","9619"
"etienne-sabino","16492"
"jimmy-saddler-mcqueen","13519"
"rodger-saffold","13294"
"greg-salas","14106"
"abasi-salimu","17243"
"michael-sam","16829"
"jabin-sambrano","15378"
"lanear-sampson","16287"
"josh-samuda","15317"
"garrison-sanborn","13078"
"mark-sanchez","12482"
"ace-sanders","16022"
"emmanuel-sanders","13295"
"jamarca-sanford","12721"
"bishop-sankey","16794"
"cairo-santos","17427"
"mohamed-sanu","14922"
"dane-sanzenbacher","14304"
"dontavis-sapp","17328"
"ricky-sapp","13447"
"jalen-saunders","16928"
"weslye-saunders","14306"
"tom-savage","16943"
"damik-scafe","14348"
"orlando-scandrick","11366"
"j.k.-schaffer","15381"
"matt-schaub","5615"
"jason-schepler","16576"
"stephen-schilling","14084"
"adam-schiltz","16637"
"caleb-schlauderaff","14069"
"colton-schmidt","16623"
"michael-schofield","16741"
"o'brien-schofield","13449"
"ryan-schraeder","16222"
"jacob-schum","15774"
"brice-schwab","16275"
"geoff-schwartz","11475"
"mitchell-schwartz","14951"
"brian-schwenke","15978"
"kona-schwenke","17422"
"mike-scifres","4607"
"alvin-scioneaux","17035"
"josh-scobee","5662"
"chris-scott","13451"
"matt-scott","16161"
"trevor-scott","11403"
"tyler-scott","17089"
"greg-scruggs","15120"
"sammy-seamster","17244"
"da'norris-searcy","14143"
"lache-seastrunk","16885"
"kyle-sebetic","17471"
"austin-seferian-jenkins","16795"
"mohammed-seisay","17245"
"george-selvie","13452"
"andrew-sendejo","13939"
"lyle-sendlein","11075"
"jordan-senn","11588"
"coty-sensabaugh","14998"
"brandon-sermons","17246"
"ryan-seymour","15898"
"quinn-sharp","16320"
"darryl-sharpton","13453"
"tyler-shatley","17037"
"matt-shaughnessy","12440"
"connor-shaw","17247"
"jarrod-shaw","14738"
"kenny-shaw","17248"
"ryan-shazier","16727"
"deshawn-shead","15419"
"jabaal-sheard","14036"
"kory-sheets","12521"
"derrick-shelby","15278"
"prince-shembo","16881"
"russell-shepard","16227"
"bryan-shepherd","17355"
"gerrard-sheppard","16413"
"kelvin-sheppard","13995"
"marcus-sherels","13843"
"anthony-sherman","14135"
"jamaine-sherman","17249"
"richard-sherman","14086"
"derek-sherrod","13972"
"sam-shields","13769"
"a.q.-shipley","12726"
"kawann-short","15862"
"cecil-shorts","14184"
"mickey-shuler","13456"
"amini-silatolu","14981"
"sealver-siliga","14441"
"will-simmons","17039"
"matt-simms","15407"
"john-simon","16010"
"tharold-simon","16021"
"scott-simonson","17391"
"jerome-simpson","11280"
"charles-sims","16749"
"david-sims","14609"
"dion-sims","15974"
"ernie-sims","9595"
"eugene-sims","13457"
"pat-sims","11311"
"rob-sims","9714"
"jeremiah-sirles","17040"
"josh-sitton","11382"
"deontae-skinner","17250"
"shayne-skov","17251"
"buster-skrine","14139"
"dan-skuta","12932"
"matthew-slater","11387"
"jamoris-slaughter","15938"
"nathan-slaughter","17403"
"matt-slauson","12728"
"darius-slay","15863"
"kiero-small","16939"
"yawin-smallwood","16896"
"brad-smelley","15055"
"aldon-smith","13988"
"alex-smith","8485"
"alex-smith","8416"
"andre-smith","12622"
"andre-smith","14308"
"antone-smith","13158"
"antonio-smith","5660"
"brad-smith","9689"
"brandon-smith","14732"
"chris-smith","16917"
"d'anthony-smith","13296"
"d.j.-smith","14170"
"daryl-smith","5564"
"devin-smith","16481"
"garrison-smith","17253"
"geno-smith","15864"
"hakeem-smith","17254"
"harrison-smith","14945"
"jacques-smith","17255"
"jacquies-smith","15356"
"jared-smith","15902"
"jerome-smith","17256"
"jimmy-smith","13963"
"justin-smith","2552"
"keith-smith","17315"
"kevin-smith","17257"
"lee-smith","14215"
"malcolm-smith","14214"
"marcus-smith","16712"
"michael-smith","15127"
"orwin-smith","16675"
"quanterus-smith","15997"
"rodney-smith","16373"
"ryan-smith","17324"
"sean-smith","12430"
"shelley-smith","13460"
"steve-smith","2622"
"telvin-smith","16891"
"torrey-smith","14032"
"tyron-smith","13978"
"will-smith","5543"
"will-smith","16951"
"willie-smith","14447"
"willie-snead","17258"
"chris-snee","5559"
"jason-snelling","10687"
"david-snow","15424"
"adam-snyder","8508"
"jake-snyder","17090"
"vic-so'oto","14616"
"nate-solder","13964"
"paul-soliai","10552"
"scott-solomon","15028"
"brad-sorensen","16015"
"daniel-sorensen","17259"
"dezmen-southward","16747"
"bradley-sowell","15284"
"ryan-spadola","16230"
"matt-spaeth","10521"
"carey-spear","17041"
"akeem-spence","15958"
"sean-spence","14972"
"anthony-spencer","10470"
"chris-spencer","8441"
"diontae-spencer","17463"
"brandon-spikes","13298"
"c.j.-spiller","13203"
"c.j.-spillman","12903"
"austin-spitler","13461"
"darren-sproles","8544"
"marquis-spruill","16905"
"micheal-spurlock","10327"
"damion-square","16231"
"zac-stacy","15996"
"daimion-stafford","16030"
"matthew-stafford","12483"
"joe-staley","10472"
"julian-stanford","15373"
"r.j.-stanford","13463"
"matt-stankiewitch","16368"
"drew-stanton","10487"
"jordan-stanton","17313"
"ricky-stanzi","14080"
"justin-staples","16328"
"james-starks","13214"
"randy-starks","5596"
"jawanza-starling","16498"
"tyler-starr","16856"
"jimmy-staten","16822"
"anthony-steen","17260"
"robert-steeples","16292"
"craig-steltz","11356"
"shamar-stephen","16866"
"nick-stephens","15269"
"reggie-stephens","13464"
"donald-stephenson","14956"
"aslam-sterling","17042"
"craig-stevens","11319"
"tevita-stevens","16326"
"phillip-steward","16466"
"darian-stewart","13645"
"jeremy-stewart","15572"
"jonathan-stewart","11247"
"jonathan-stewart","16336"
"devon-still","14963"
"kenny-stills","16016"
"byron-stingily","14187"
"ed-stinson","16840"
"luke-stocker","14099"
"brandon-stokley","1858"
"james-stone","17262"
"jake-stoneburner","16493"
"bryan-stork","16826"
"rod-streater","15391"
"devin-street","16815"
"tommy-streeter","15063"
"zach-strief","9796"
"derrick-strozier","17413"
"darrell-stuckey","13465"
"andy-studebaker","11437"
"nate-stupar","15040"
"caleb-sturgis","15918"
"xavier-su'a-filo","16801"
"ryan-succop","12731"
"zach-sudfeld","16418"
"terrell-suggs","4468"
"ndamukong-suh","13234"
"shaun-suisham","9361"
"jordan-sullen","17043"
"john-sullivan","11421"
"chris-summers","15524"
"frank-summers","12733"
"nick-sundberg","12904"
"vinnie-sunseri","16938"
"phillip-supernaw","15257"
"darryl-surgent","17263"
"chaz-sutton","17264"
"will-sutton","16738"
"will-svitek","8601"
"mycal-swaim","17265"
"daxton-swanson","16304"
"travis-swanson","16752"
"d.j.-swearinger","15865"
"rod-sweeting","16164"
"j.r.-sweezy","15025"
"erik-swoope","17091"
"stevenson-sylvester","13466"
"andrew-szczerba","15331"
"alameda-ta'amu","15101"
"will-ta'ufo'ou","12850"
"lorenzo-taliaferro","16950"
"aqib-talib","11254"
"julian-talley","15518"
"ronald-talley","13018"
"jacob-tamme","11373"
"keith-tandy","15001"
"ryan-tannehill","14876"
"andy-tanner","13872"
"alex-tanney","15693"
"darryl-tapp","9649"
"jeff-tarpinian","14506"
"ben-tate","13210"
"brandon-tate","12597"
"golden-tate","13217"
"giorgio-tavecchio","15245"
"brandon-taylor","14350"
"bruce-taylor","16282"
"cooper-taylor","15895"
"curtis-taylor","12734"
"devin-taylor","15916"
"ike-taylor","4583"
"jamar-taylor","15866"
"kerry-taylor","14561"
"lane-taylor","16549"
"mike-taylor","16676"
"phillip-taylor","13968"
"ryan-taylor","14213"
"stepfan-taylor","15981"
"tyrod-taylor","14163"
"manti-te'o","15867"
"chase-tenpenny","17044"
"steven-terrell","16450"
"adam-thielen","16460"
"damien-thigpen","17472"
"marcus-thigpen","12524"
"tyler-thigpen","10660"
"brandon-thomas","16739"
"cam-thomas","13470"
"chase-thomas","16165"
"dallas-thomas","15868"
"daniel-thomas","14056"
"de'anthony-thomas","16945"
"demaryius-thomas","13216"
"donald-thomas","11429"
"earl-thomas","13251"
"eric-thomas","17092"
"j.t.-thomas","14216"
"jemea-thomas","16817"
"joe-thomas","17266"
"joe-thomas","10448"
"josh-thomas","14162"
"julius-thomas","14204"
"lamaar-thomas","16113"
"logan-thomas","16813"
"michael-thomas","15231"
"mike-thomas","12598"
"phillip-thomas","15886"
"pierre-thomas","10713"
"robert-thomas","3559"
"shamarko-thomas","15992"
"kenbrell-thompkins","16381"
"brandon-thompson","14965"
"chris-thompson","15966"
"deonte-thompson","15503"
"everrette-thompson","15728"
"ian-thompson","17454"
"jordan-thompson","16705"
"juwan-thompson","17045"
"peyton-thompson","15156"
"taylor-thompson","15067"
"tramaine-thompson","17268"
"zach-thompson","17093"
"cedric-thornton","14310"
"hugh-thornton","15869"
"khyri-thornton","16756"
"neiko-thorpe","15535"
"walter-thurmond","13473"
"d.j.-tialavea","17269"
"andrew-tiller","15098"
"charles-tillman","4493"
"lawrence-timmons","10459"
"carson-tinker","16359"
"zurlon-tipton","17094"
"ricky-tjong-a-tjoe","17046"
"matt-tobin","16235"
"jordan-todman","14186"
"levine-toilolo","15980"
"mike-tolbert","11658"
"greg-toler","12738"
"terrence-toliver","14571"
"scott-tolzien","14353"
"korey-toomer","15112"
"nick-toon","14921"
"fitzgerald-toussaint","17465"
"adrian-tracy","13475"
"justin-trattou","14673"
"brynden-trawick","16419"
"jc-tretter","16001"
"danny-trevathan","15074"
"marcus-trice","17432"
"jordie-tripp","16862"
"torell-troup","13301"
"johnnie-troutman","15027"
"desmond-trufant","15812"
"isaiah-trufant","13947"
"jason-trusnik","10927"
"justin-tuck","8488"
"justin-tucker","15683"
"matthew-tucker","16236"
"jeff-tuel","16237"
"justin-tuggle","16114"
"l.t.-tuipulotu","17455"
"stephon-tuitt","16798"
"will-tukuafu","13913"
"stephen-tulloch","9702"
"christian-tupou","16537"
"robert-turbin","14894"
"billy-turner","16759"
"trai-turner","16789"
"brian-tyms","15252"
"deangelo-tyson","15059"
"george-uko","17270"
"osi-umenyiora","4514"
"colton-underwood","17047"
"tiquan-underwood","12600"
"j.j.-unga","16420"
"max-unger","12624"
"mitch-unrein","13860"
"courtney-upshaw","14970"
"brent-urban","16831"
"kraig-urbik","12742"
"john-urschel","16868"
"chidera-uzo-diribe","17271"
"kenny-vaccaro","15813"
"mitchell-van-dyk","16935"
"david-van-dyke","17272"
"demarcus-van-dyke","14022"
"wilson-van-hooser","17461"
"kyle-van-noy","16772"
"greg-van-roten","15718"
"brett-van-sloten","17273"
"julian-vandervelde","14127"
"louis-vasquez","12744"
"dustin-vaughan","17337"
"josh-vaughan","13938"
"cassius-vaughn","13797"
"chase-vaughn","17438"
"rahsaan-vaughn","16664"
"jared-veldheer","13302"
"matt-veldman","15318"
"joe-vellano","16421"
"justin-veltung","16607"
"raymond-ventrone","9381"
"ross-ventrone","13658"
"brock-vereen","16906"
"shane-vereen","14017"
"alterraun-verner","13478"
"conner-vernon","16248"
"olivier-vernon","14982"
"jason-verrett","16726"
"michael-vick","2549"
"kevin-vickerson","8630"
"josh-victorian","14556"
"alejandro-villanueva","16706"
"adam-vinatieri","1097"
"lawrence-virgil","17274"
"sebastian-vollmer","12626"
"jeremy-vujnovich","16686"
"laadrian-waddle","16333"
"trevin-wade","15016"
"bobby-wagner","14979"
"ricky-wagner","15900"
"cameron-wake","12417"
"erik-walden","11401"
"casey-walker","16441"
"delanie-walker","9761"
"derel-walker","17275"
"josh-walker","17095"
"reggie-walker","12905"
"tyrunn-walker","15460"
"vance-walker","12448"
"cody-wallace","11341"
"davonte-wallace","17276"
"martin-wallace","16329"
"mike-wallace","12601"
"darrin-walls","14510"
"blair-walsh","15058"
"anthony-walters","14315"
"bryan-walters","13662"
"j.d.-walton","13303"
"eric-ward","17277"
"jimmie-ward","16717"
"t.j.-ward","13304"
"demarcus-ware","8426"
"spencer-ware","16020"
"larry-warford","15870"
"chance-warmack","15814"
"julius-warmsley","17428"
"greg-warren","9306"
"jeremiah-warren","15463"
"pierre-warren","17278"
"brandon-washington","15094"
"corey-washington","17279"
"cornelius-washington","15914"
"daryl-washington","13305"
"l'damian-washington","17307"
"leon-washington","9703"
"nate-washington","9307"
"todd-washington","17280"
"tony-washington","17048"
"eric-waters","17049"
"earl-watford","15901"
"jaylen-watkins","16919"
"rokevious-watkins","15097"
"sammy-watkins","16725"
"asa-watson","17281"
"benjamin-watson","5557"
"dekoda-watson","13482"
"jansen-watson","17408"
"menelik-watson","15871"
"chris-watt","16754"
"j.j.-watt","13979"
"brandon-watts","16818"
"craig-watts","17457"
"trey-watts","17282"
"colby-way","17353"
"tress-way","16166"
"reggie-wayne","2578"
"steve-weatherford","10127"
"sean-weatherspoon","13243"
"jason-weaver","16283"
"ross-weaver","13666"
"b.w.-webb","15939"
"j'marcus-webb","13483"
"joe-webb","13484"
"lardarius-webb","12747"
"martell-webb","14316"
"r.j.-webb","16540"
"kayvon-webster","15872"
"larry-webster","16869"
"eric-weddle","10481"
"scott-wedige","15504"
"brandon-weeden","14878"
"jon-weeks","13729"
"darrion-weems","15332"
"eric-weems","10770"
"thomas-welch","13485"
"wes-welker","5941"
"josh-wells","17283"
"scott-wells","5776"
"ryan-wendell","11786"
"keith-wenning","16915"
"austin-wentworth","17096"
"bjoern-werner","15815"
"charcandrick-west","17284"
"terrance-west","16783"
"ethan-westbrooks","17285"
"lavelle-westbrooks","16936"
"john-wetzel","16247"
"griff-whalen","15360"
"ryan-whalen","14131"
"chris-whaley","17302"
"markus-wheaton","15873"
"jared-wheeler","17367"
"philip-wheeler","11327"
"guy-whimper","9715"
"cam-white","16704"
"chris-white","14201"
"cody-white","15609"
"corey-white","15086"
"james-white","16913"
"melvin-white","16443"
"myles-white","16569"
"roddy-white","8442"
"ryan-white","17286"
"tahir-whitehead","15070"
"charlie-whitehurst","9667"
"marcus-whitfield","17287"
"eddie-whitley","15357"
"nikita-whitlock","17288"
"donte-whitner","9594"
"fozzy-whittaker","15755"
"andrew-whitworth","9641"
"kenny-wiggins","14460"
"reese-wiggins","17459"
"kyle-wilber","15038"
"j.j.-wilcox","15874"
"james-wilder-jr.","17289"
"vince-wilfork","5546"
"michael-wilhoite","14859"
"muhammad-wilkerson","13985"
"jonathan-willard","16545"
"aaron-williams","14045"
"andre-williams","16889"
"brandon-williams","16313"
"brandon-williams","15875"
"brennan-williams","15876"
"cary-williams","11463"
"chris-williams","12934"
"chris-williams","11248"
"d.j.-williams","14158"
"d.j.-williams","5542"
"damian-williams","13219"
"damien-williams","17359"
"dan-williams","13235"
"deangelo-williams","9613"
"dominique-williams","17097"
"duke-williams","15884"
"fred-williams","16683"
"garry-williams","12906"
"ian-williams","14461"
"isaiah-williams","13117"
"jacquian-williams","14199"
"jason-williams","12749"
"jerodis-williams","16167"
"jesse-williams","16029"
"k'waun-williams","17444"
"karl-williams","17376"
"kerwynn-williams","16024"
"kevin-williams","4467"
"kyle-williams","9720"
"kyle-williams","13488"
"laquan-williams","14537"
"marcus-williams","17360"
"mario-williams","9587"
"michael-williams","15910"
"mike-williams","13489"
"nathan-williams","16357"
"nick-williams","15882"
"nick-williams","16345"
"ryan-williams","14051"
"shawn-williams","15877"
"stephen-williams","13490"
"steve-williams","15883"
"sylvester-williams","15816"
"teddy-williams","13922"
"terrance-williams","15878"
"tourek-williams","16000"
"tramon-williams","5432"
"trent-williams","13241"
"trevardo-williams","15953"
"vince-williams","15934"
"avery-williamson","16920"
"mike-willie","15652"
"patrick-willis","10455"
"luke-willson","16121"
"adrian-wilson","2612"
"albert-wilson","17051"
"andrew-wilson","17291"
"c.j.-wilson","13491"
"c.j.-wilson","16168"
"cody-wilson","16423"
"david-wilson","14887"
"george-wilson","9267"
"greg-wilson","16679"
"jimmy-wilson","14059"
"josh-wilson","10499"
"kion-wilson","13670"
"kyle-wilson","13237"
"lawrence-wilson","14081"
"marquess-wilson","16023"
"martez-wilson","14039"
"ridge-wilson","16284"
"russell-wilson","14881"
"tavarius-wilson","17292"
"tavon-wilson","14977"
"tyler-wilson","15941"
"kamerion-wimbley","9599"
"joe-windsor","17321"
"mike-windt","13777"
"brad-wing","16241"
"ronnie-wingo","16242"
"billy-winn","15021"
"george-winn","16488"
"brian-winters","15879"
"stefen-wisniewski","169"
"jason-witten","4527"
"bryan-witzmann","17377"
"derek-wolfe","14964"
"earl-wolff","15917"
"cierre-wood","16496"
"eric-wood","12627"
"darren-woodard","16122"
"danny-woodhead","11788"
"lamarr-woodley","10490"
"al-woods","13493"
"robert-woods","15880"
"charles-woodson","1442"
"wesley-woodyard","11609"
"khalid-wooten","15942"
"rantavious-wooten","17293"
"corey-wootton","13494"
"jason-worilds","13306"
"paul-worrilow","16243"
"doug-worthington","13495"
"jerel-worthy","14967"
"brian-wozniak","17294"
"blidi-wreh-wilson","15881"
"demetrius-wright","17347"
"james-wright","16922"
"jarius-wright","14918"
"k.j.-wright","14140"
"kendall-wright","14909"
"major-wright","13307"
"shareece-wright","14010"
"timothy-wright","16285"
"winston-wright","17442"
"devon-wylie","14923"
"jarius-wynn","12752"
"kerry-wynn","17296"
"marshal-yanda","10530"
"david-yankey","16934"
"t.j.-yates","14114"
"will-yeatman","14513"
"john-youboty","16124"
"chad-young","17098"
"chris-young","17400"
"darrel-young","13097"
"joe-young","14415"
"lou-young","17052"
"sam-young","13496"
"usama-young","10510"
"willie-young","13497"
"christian-yount","14465"
"dave-zastudil","3640"
"kevin-zeitler","14931"
"mike-zimmer","16169"
"ty-zimmerman","17298"
"frank-zombo","13779"
"michael-zordich","16444"
"greg-zuerlein","14993"
"jordan-zumwalt","16874"
"markus-zusevics","15462"
"jeremy-zuttah","11317"
